aggregation,method,k_neighbors,precision_at_k,recall_at_k,f1_at_k,ndcg_at_k,n_included,n_excluded,n_excluded_pool_too_small,n_excluded_no_relevant_workers,selected
sum,user,10,0.08152753108348135,0.1630550621669627,0.10870337477797513,0.11382547526939676,1126,74,74,0,False
sum,user,20,0.08170515097690942,0.16341030195381884,0.10894020130254589,0.1154929675185676,1126,74,74,0,True
sum,user,40,0.07930728241563055,0.1586145648312611,0.10574304322084073,0.11255192980604109,1126,74,74,0,False
sum,user,80,0.07815275310834814,0.15630550621669628,0.10420367081113084,0.11061740556894512,1126,74,74,0,False
sum,item,10,0.07815275310834814,0.15630550621669628,0.10420367081113084,0.10988630993512778,1126,74,74,0,False
sum,item,20,0.07619893428063942,0.15239786856127885,0.10159857904085258,0.10609342324875419,1126,74,74,0,False
sum,item,40,0.07575488454706927,0.15150976909413855,0.1010065127294257,0.10346839424463752,1126,74,74,0,False
sum,item,80,0.07539964476021314,0.1507992895204263,0.10053285968028419,0.1031018497353492,1126,74,74,0,False
max,user,10,0.08170515097690942,0.16341030195381884,0.10894020130254589,0.1149755752410978,1126,74,74,0,False
max,user,20,0.0802841918294849,0.1605683836589698,0.10704558910597987,0.11285052011965996,1126,74,74,0,False
max,user,40,0.07912966252220249,0.15825932504440499,0.10550621669626999,0.11117305896678457,1126,74,74,0,False
max,user,80,0.07557726465364122,0.15115452930728243,0.10076968620485495,0.10837968144618554,1126,74,74,0,False
max,item,10,0.0775310834813499,0.1550621669626998,0.10337477797513323,0.10657153015793162,1126,74,74,0,False
max,item,20,0.07664298401420959,0.15328596802841918,0.10219064535227945,0.1060910318515646,1126,74,74,0,False
max,item,40,0.07735346358792186,0.15470692717584372,0.10313795145056247,0.10555428777866044,1126,74,74,0,False
max,item,80,0.07646536412078153,0.15293072824156306,0.1019538188277087,0.10118949619993384,1126,74,74,0,False
